username,password,v1,v2
Quinlan,5210,0,1
Davis,5783,0,0
Montana,3134,0,0
Quintessa,8790,0,1
Camden,4837,0,0
Megan,6837,1,1
Liberty,5564,1,1
Zelda,8610,0,1
Mara,9820,1,0
Steven,5998,1,1
Rhiannon,3545,1,0
Julian,7520,0,1
Anika,8944,0,1
Justine,9156,1,0
Lionel,4527,0,1
Yoshi,4237,1,1
Brian,7263,1,1
Leila,8308,0,1
Piper,2914,1,0
Yen,3932,1,0
Amber,9274,1,1
Rhonda,6818,1,0
Lamar,6478,0,0
Nolan,4611,1,1
Ulla,3610,0,1
Ginger,6723,0,1
Geraldine,5725,0,1
Dominic,7914,1,1
Paula,8403,1,0
Hashim,7658,1,1
Demetria,2132,1,1
Wang,7829,1,0
Tyler,4453,0,0
Kim,7134,0,1
Edward,1871,1,1
Russell,3039,0,0
Malachi,5226,1,0
Barrett,2891,1,0
Harriet,6877,0,0
Portia,8105,0,0
Raya,3006,1,1
Reed,1745,0,1
Penelope,4844,1,0
Whilemina,6551,1,1
Fay,9208,0,0
Shad,4903,0,0
Pandora,2598,1,1
Abbot,3545,0,0
Ciaran,2336,0,1
Nehru,8209,1,0
Logan,9622,0,1
Vernon,1422,0,1
Gavin,9632,0,1
Dana,5425,1,0
Ashton,1128,0,0
Mark,4608,1,1
Akeem,7908,0,0
Richard,2816,1,1
Colby,2427,1,1
Yasir,9460,1,0
Octavia,6792,1,1
Noel,3409,0,1
Michael,3341,0,0
Joel,3447,0,1
Stacy,9140,1,0
Mason,6588,1,1
Kelsey,3801,0,1
Daria,3036,1,1
Joy,1306,1,1
Xantha,8532,0,0
Lael,4088,1,1
Ursa,5331,1,0
Hayes,5297,0,1
Neve,4972,1,0
Bradley,6463,1,1
Sonya,7745,0,0
Adam,5910,0,1
Alfonso,8611,1,1
Jin,4199,0,1
Jared,2126,0,0
Constance,6624,1,1
Myra,2262,1,1
Emerald,5253,0,0
Remedios,2766,1,1
Shannon,2704,0,0
Steel,2034,1,0
Xena,7153,1,0
Ann,3068,0,1
Hadassah,3371,0,1
Xavier,8313,0,0
Hall,5494,1,0
Conan,3708,0,0
Buffy,5225,1,0
Chava,2094,0,1
